Date,Open,High,Low,Close,Volume,,,,,,,,,,,,,
2014-01-20,1945.99,1955.28,1934.38,1953.78,279526000,53.70833333,0,0.005375,0.044291667,0.795833333,0.007791667,-1.5,5.3,3.2,1019.5,83,9.6,0.004003104
2014-01-21,1955.26,1965.43,1949.56,1963.89,289327000,88.16666667,0,0.018875,0.023625,0.2,0.009416667,-5.5,0.7,2.4,1025.7,63,5.3,0.004413735
2014-01-28,1907.18,1919.26,1904.05,1916.93,270494000,31.25,0,0.008291667,0.040416667,0.15,0.006291667,1.5,0.5,2.9,1024.7,53,3.6,0.00511226
2014-02-10,1928.13,1928.39,1916.4,1923.3,207959000,26.29166667,0,0.022875,0.026666667,0.420833333,0.004333333,-0.1,0.2,2.5,1026.1,55,4.5,-0.002505018
2014-03-12,1957.67,1958.09,1930.48,1932.54,329923000,41,0,0.01,0.05,0.8,0.009,6.9,0.2,1.5,1017.5,76,8.6,-0.012836689
2014-03-17,1921.15,1928.43,1919.61,1927.53,214929000,85.29166667,0,0.017708333,0.051583333,0.55,0.009375,12.6,0.5,3.5,1017,79,6.5,0.003320928
2014-03-18,1941.12,1946.14,1931.83,1940.21,274288000,59.70833333,0,0.018375,0.03075,0.258333333,0.006416667,10.5,0.4,3.5,1015.2,75,6.3,-0.000468802
2014-03-20,1934.15,1934.63,1919.37,1919.52,220600000,109,0,0.010958333,0.047125,0.445833333,0.008041667,6.3,0.4,3.2,1014.3,71,6.8,-0.007564046
2014-04-03,1999.42,2007.88,1992.16,1993.7,225726000,54.20833333,0,0.021958333,0.048875,0.325,0.008083333,10.2,0.5,3.1,1013.6,63,8,-0.00286083
2014-04-17,2000.47,2001.29,1984.98,1992.05,200186000,130.625,0,0.014916667,0.06325,0.891666667,0.009791667,14.7,3,1.9,1013.2,67,6.9,-0.004209011
2014-04-28,1969.04,1976.56,1969.04,1969.26,168833000,20.375,0,0.024,0.031875,0.333333333,0.005291667,13.6,13.5,4.6,1014.2,92,10,0.00011173
2014-04-29,1974.67,1976.17,1960.36,1964.77,177609000,10.29166667,0,0.030875,0.029625,0.308333333,0.005,15,5.5,4,1010.4,70,9.3,-0.005013496
2014-05-02,1966.29,1968.5,1956.32,1959.44,179541000,53.75,0,0.032708333,0.03825,0.5375,0.008,15.7,1,3.6,1012.5,71,6,-0.003483718
2014-05-07,1964.19,1964.19,1939.55,1939.88,193040000,34.29166667,0,0.025416667,0.0385,0.375,0.00825,15.7,2,3.8,1012.7,48,6.4,-0.012376603
2014-05-08,1945.94,1950.6,1934.72,1950.6,222431000,40.33333333,0,0.042125,0.027833333,0.370833333,0.006708333,14.5,4,4.2,1010.7,84,5.4,0.00239473
2014-05-12,1956.26,1966.64,1950.91,1964.94,201643000,29.625,0,0.034791667,0.029833333,0.4125,0.005875,16.4,10,5.2,1005.2,79,5.9,0.004437038
2014-05-15,2007.88,2015.37,2006.38,2010.2,259392000,54.58333333,0,0.053666667,0.02725,0.454166667,0.007541667,18.2,0.3,4,1000.8,67,2.6,0.001155448
2014-05-26,2016.21,2020.96,2008.14,2010.35,196575000,48.125,0,0.030333333,0.029958333,0.4,0.003375,19.4,1.5,4,1002.1,67,4.4,-0.002906443
2014-06-02,1998.81,2006.93,1995.69,2002,265590000,82.33333333,0,0.042708333,0.038125,0.379166667,0.004541667,22.6,2,2.2,1007.9,74,10,0.00159595
2014-06-03,2006.31,2008.56,1990.72,2008.56,266745000,58.70833333,0,0.021541667,0.043125,0.466666667,0.004333333,18.7,33,3.5,1006.2,95,8.6,0.001121462
2014-06-10,2000.89,2011.87,1996.21,2011.8,234933000,36.83333333,0,0.028166667,0.043666667,0.266666667,0.003958333,23.6,5.5,2.1,1009.3,72,6.3,0.005452574
2014-06-11,2009.51,2016.78,2006.73,2014.67,238048000,24.20833333,0,0.02725,0.034458333,0.2,0.0025,20.5,19,1.9,1006.2,87,9.1,0.00256779
2014-06-12,2013.6,2015.8,2003.57,2011.65,251876000,22.91666667,0,0.015291667,0.041791667,0.25,0.002333333,21.2,0.1,2.8,1002.2,74,6.8,-0.000968415
2014-06-17,1994.89,2002.96,1991.53,2001.55,236597000,45.95833333,0,0.029166667,0.039416667,0.204166667,0.006125,24.5,3.5,1.9,1004.4,72,7.8,0.00333853
2014-06-18,2002.26,2002.26,1987.03,1989.49,216850000,56.41666667,0,0.0455,0.044,0.370833333,0.003875,24.4,0.1,3,1004.1,71,5.4,-0.006377793
2014-06-20,1990.71,1990.73,1965.12,1968.07,232659000,42.45833333,0,0.036041667,0.025958333,0.2,0.0025,24.2,1.5,1.6,1007.7,77,9.1,-0.011372827
2014-06-23,1975.1,1980.31,1971.61,1974.92,231738000,27.54166667,0,0.03175,0.035458333,0.216666667,0.002041667,21,24.5,1.4,1006.1,91,7.8,-9.11346E-05
2014-07-02,2008,2016.36,2002.4,2015.28,318423000,49.04166667,0,0.05175,0.043083333,0.266666667,0.0055,25.7,20.5,2.5,1006.7,77,8.4,0.003625498
2014-07-03,2015.99,2015.99,2007.86,2010.97,259913000,61,0,0.045,0.038708333,0.258333333,0.002833333,22.6,2,2.8,1001.7,86,9.6,-0.002490092
2014-07-08,2003.55,2009.22,1997.87,2006.66,259356000,32.54166667,0,0.046458333,0.0345,0.229166667,0.002833333,25.9,0.2,1.9,1006.4,73,7.6,0.001552245
2014-07-09,1997.57,2000.89,1992.42,2000.5,272746000,24.16666667,0,0.017833333,0.038,0.3875,0.002833333,27.6,0.5,2.2,1001.9,78,9.4,0.001466782
2014-07-17,2020.52,2025.41,2018.77,2020.9,322694000,30.79166667,0,0.038708333,0.029833333,0.175,0.003791667,25.9,0.2,3.1,1010.9,76,8.4,0.00018807
2014-07-18,2007.12,2019.42,2006.01,2019.42,304521000,17.33333333,0,0.019791667,0.029958333,0.154166667,0.002208333,26.1,1.5,2.6,1011.2,81,7.6,0.006128184
2014-07-22,2021.18,2028.93,2017.76,2028.93,265888000,39.29166667,0,0.022666667,0.027708333,0.141666667,0.004,25.9,16.5,4.4,1006.3,84,9.8,0.003834394
2014-07-23,2032.73,2035.24,2025,2028.32,353510000,17.58333333,0,0.005333333,0.023625,0.120833333,0.001291667,23.6,55,3.2,1005.1,90,10,-0.002169496
2014-07-24,2032.94,2034.72,2021.22,2026.62,323590000,13.95833333,0,0.0175,0.034916667,0.141666667,0.001458333,21.9,48,2,1006.9,93,9.3,-0.003108798
2014-07-25,2030.04,2036.2,2027.33,2033.85,282769000,13.5,0,0.008291667,0.043208333,0.216666667,0.001,27.5,59.5,2.9,1003.8,82,9.5,0.00187681
2014-07-31,2081.75,2090.57,2070.78,2076.12,383726000,27,0,0.016541667,0.030875,0.125,0.002166667,28.6,1.5,2.1,1009.8,76,6.8,-0.002704455
2014-08-04,2080.77,2083.05,2067.17,2080.42,253201000,7.375,0,0.011916667,0.024083333,0.1,0.001,26.4,6.5,2.1,998.8,93,9,-0.000168207
2014-08-06,2062.93,2068.08,2055.68,2060.73,377266000,61.20833333,0,0.038375,0.026625,0.179166667,0.003291667,24.4,10.5,2.2,1005.8,92,10,-0.001066444
2014-08-07,2062.24,2063.53,2047.75,2054.51,292935000,31.625,0,0.015541667,0.039916667,0.145833333,0.0015,24.7,0.2,1.5,1006.5,91,7.9,-0.003748351
2014-08-14,2065.69,2073.42,2056.06,2063.22,270849000,47.66666667,0,0.020166667,0.041791667,0.575,0.003416667,22.3,0.5,2,1009.3,79,9.3,-0.001195726
2014-08-18,2070.95,2073.05,2053.13,2053.13,300419000,22.04166667,0,0.017375,0.034583333,0.379166667,0.002,22.3,11.5,3.1,1009.4,90,10,-0.008604747
2014-08-19,2065.19,2074.43,2064.34,2071.14,327122000,7.25,0,0.015833333,0.027666667,0.3625,0.002,22.3,4.5,1.5,1010,97,9.8,0.002881091
2014-08-20,2080.77,2082.21,2063.61,2072.78,315354000,21.79166667,0,0.004375,0.038708333,0.520833333,0.002125,24.8,0.5,1.1,1010.4,86,9.9,-0.003839925
2014-08-21,2067.63,2068.22,2041.91,2044.21,307794000,33.58333333,0,0.010458333,0.04125,0.5375,0.002916667,23.1,46.5,2.4,1006.8,97,9.6,-0.011326978
2014-08-22,2048.24,2058.46,2046.54,2056.7,277858000,16.20833333,0,0.015833333,0.025041667,0.404166667,0.002125,24.7,15,3.1,1010.3,83,7.9,0.004130375
2014-08-26,2069.07,2072.42,2065.15,2068.05,288908000,30.04166667,0,0.027041667,0.029583333,0.416666667,0.002,25.4,11.5,2.5,1010.9,71,6.3,-0.000492975
2014-08-29,2070.73,2073.03,2060.14,2068.54,301374000,20,0,0.026166667,0.031875,0.35,0.002625,25.2,6.5,1.8,1015,72,4.5,-0.001057598
2014-09-01,2067.8,2072.59,2062.3,2067.86,272468000,26.16666667,0,0.017833333,0.042208333,0.408333333,0.003458333,24.1,1.5,1.5,1013.8,73,6.1,2.90163E-05
2014-09-02,2065.97,2066,2049.15,2051.58,323115000,29.95833333,0,0.022375,0.041916667,0.458333333,0.002625,23.1,6,2.5,1011.8,74,8.5,-0.006965251
2014-09-03,2050.09,2054.08,2040.44,2051.2,337971000,15.16666667,0,0.016833333,0.035375,0.3125,0.002583333,19.1,57.5,3.4,1003,100,9.8,0.00054144
2014-09-12,2042.51,2048.21,2037.37,2041.86,362672000,35.83333333,0,0.025541667,0.036083333,0.358333333,0.003,21.3,0.1,2.1,1013.5,75,6.9,-0.000318236
2014-09-24,2024.75,2036.26,2019.91,2035.64,332585000,23.20833333,0,0.015958333,0.049375,0.2875,0.003833333,20.3,6.5,2.6,1009.6,78,8.4,0.005378442
2014-09-29,2035.93,2036.44,2021.37,2026.6,339587000,44.66666667,0,0.012666667,0.040541667,0.441666667,0.004,19.4,16,1.3,1013.6,99,8.5,-0.004582672
2014-10-02,1984.43,1985.06,1966.17,1976.16,322656000,30.625,0,0.017791667,0.022083333,0.375,0.004208333,18.1,9,2.2,1009.6,89,8.6,-0.004167444
2014-10-16,1911.45,1922.94,1904.77,1918.83,313610000,30.04166667,0,0.020583333,0.032583333,0.354166667,0.005458333,13.2,2.5,3.1,1018.9,54,3.5,0.003860943
2014-10-20,1918.84,1933.12,1917.54,1930.06,344669000,56.375,0,0.021416667,0.029,0.520833333,0.006666667,14.4,21.5,2.6,1016.9,98,10,0.005847283
2014-10-21,1923.62,1923.62,1911.03,1915.28,405921000,23.79166667,0,0.005208333,0.022083333,0.620833333,0.004041667,13.8,18.5,3.4,1017.3,93,10,-0.004335576
2014-10-31,1963.26,1967.08,1951.07,1964.43,349405000,60.54166667,0,0.004416667,0.078291667,1.133333333,0.006625,15,0.2,2.4,1018.4,62,9.5,0.000595948
2014-11-06,1933.45,1939.32,1923.05,1936.48,360571000,32.45833333,0,0.009916667,0.04625,0.720833333,0.006625,13.5,0.5,2.1,1020.4,61,4.5,0.001567147
2014-11-11,1957.87,1965.41,1956.23,1963,311396000,52.625,0,0.013,0.052958333,0.995833333,0.006791667,9.4,2,1.9,1016.6,67,4.6,0.002620194
2014-11-12,1965.21,1974.69,1961.66,1967.27,348499000,64.875,0,0.016666667,0.053208333,0.945833333,0.007375,6,5,5.4,1014.4,51,4.5,0.001048234
2014-11-17,1941.83,1948.33,1935.95,1943.63,277521000,40.875,0,0.013541667,0.04,0.725,0.008708333,6.2,1.5,2.3,1024.6,76,3.5,0.000926961
2014-11-28,1983.22,1984.73,1975.66,1980.78,340696000,46.83333333,0,0.005708333,0.047708333,1.145833333,0.006875,8.8,18,3.7,1015.2,88,8.8,-0.001230322
2014-12-01,1971.95,1971.97,1962.15,1965.22,333977000,12.58333333,0,0.015583333,0.022291667,0.804166667,0.005083333,-1.1,0.5,6.1,1015.3,59,4.8,-0.003412865
2014-12-03,1969.57,1973.96,1964.77,1969.91,271111000,71.58333333,0,0.015125,0.019875,0.633333333,0.005916667,-3.3,0.9,1.9,1020.4,71,6.3,0.000172627
2014-12-10,1964.04,1966.11,1943.27,1945.56,367889000,52,0,0.004708333,0.046291667,0.883333333,0.008541667,1.6,2,1.9,1025,59,9.4,-0.009409177
2014-12-11,1930.46,1937.23,1916.49,1916.59,343634000,45.33333333,0,0.003125,0.048458333,0.995833333,0.008333333,-1.5,0.5,3.4,1023.7,65,4.8,-0.007184816
2014-12-12,1921.61,1926.67,1915,1921.71,363470000,49.75,0,0.0165,0.021708333,0.533333333,0.007375,-3.8,0.1,2,1023.3,70,3.6,5.20397E-05
2014-12-15,1903.12,1920.43,1899.61,1920.36,294421000,35.16666667,0,0.006083333,0.031708333,0.683333333,0.008458333,-0.1,10.5,2.8,1024.4,91,8.1,0.009058809
2014-12-19,1920.75,1930.08,1914.27,1929.98,291791000,30.29166667,0,0.011291667,0.030333333,0.695833333,0.005916667,-3.8,0.9,3.4,1028.6,55,7.4,0.004805415
2014-12-22,1938.16,1944.2,1928.89,1943.12,324534000,19.58333333,0,0.012833333,0.019416667,0.5375,0.005583333,-4.7,0.3,2.2,1024.6,65,3.3,0.002559128
2014-12-24,1940.76,1947.35,1936.74,1946.61,283866000,45.20833333,0,0.003208333,0.04775,1.479166667,0.007541667,1.7,0.2,2.8,1022.1,67,3.8,0.003014283
2015-01-05,1921.96,1921.96,1903.37,1915.75,313442000,45.08333333,21.5,0.004083333,0.0395,1.325,0.0075,3.7,0.4,2.4,1016.9,73,7.1,-0.003231077
2015-01-06,1895.48,1900.02,1877.38,1882.45,303687000,76.45833333,37.83333333,0.004625,0.039625,1.116666667,0.009125,-3.2,3,4.3,1017.4,52,2.6,-0.006874248
2015-01-16,1907.07,1907.07,1885.62,1888.13,298732000,66.04166667,31.375,0.005625,0.042375,0.979166667,0.008958333,0.8,0.3,4,1020.3,73,8.1,-0.009931466
2015-01-19,1902.81,1912.42,1900.26,1902.62,281120000,41,17.16666667,0.00775,0.029708333,0.679166667,0.007,-0.1,0.1,3.2,1023,68,1.6,-9.98523E-05
2015-01-26,1928.26,1936.4,1924.14,1935.68,330607000,56,27.25,0.005791667,0.030958333,0.858333333,0.006958333,3.6,0.5,2.6,1020,88,8.4,0.003848029
2015-02-09,1949.5,1952.86,1944.79,1947,310181000,102.1666667,15.08333333,0.0275,0.01325,0.391666667,0.0055,-5.7,0.2,3.1,1027,55,3.4,-0.00128238
2015-02-16,1960.03,1963.44,1955.39,1958.23,350943000,80.625,36.83333333,0.026458333,0.045041667,0.9,0.009666667,5,10.5,3.5,1014.4,92,10,-0.000918353
2015-02-17,1955.77,1962.97,1952.33,1961.45,304531000,38.33333333,18.29166667,0.016458333,0.046291667,0.925,0.005833333,1.9,0.5,3.5,1016.5,79,9.4,0.002904227
2015-02-25,1988.47,1992.03,1984.53,1990.47,369497000,98.33333333,20.91666667,0.019583333,0.033041667,0.675,0.006125,5.4,0.5,2.9,1018.3,49,7.8,0.001005798
2015-02-26,1993.27,1993.43,1983.94,1993.08,385656000,96.33333333,26,0.006625,0.049208333,1.133333333,0.007541667,1.2,0.5,4.9,1019.6,57,4.6,-9.53208E-05
2015-03-03,2002.5,2003.05,1995.93,2001.38,444865000,52.45833333,27.5,0.020208333,0.038083333,0.4625,0.0055,2.8,5.5,3.4,1013.1,70,9.4,-0.000559301
2015-03-13,1987.17,1991.87,1982.96,1985.79,326706000,43.375,23.91666667,0.029833333,0.027791667,0.295833333,0.005833333,5.6,0.1,3,1019.3,45,1.8,-0.000694455
2015-03-18,2032.19,2036.13,2026.72,2028.45,362009000,75.08333333,37.58333333,0.013666667,0.050666667,0.679166667,0.005916667,10.7,1.5,4,1011.8,62,9.8,-0.001840379
2015-03-31,2042.31,2046.9,2032.24,2041.03,555933000,105.9583333,50.79166667,0.015541667,0.059625,0.8625,0.006416667,12.9,2.5,2.2,1015,81,8.9,-0.000626741
2015-04-01,2035.4,2039.04,2024.64,2028.45,542801000,23.08333333,17.45833333,0.023083333,0.032666667,0.545833333,0.004041667,12.9,2.5,4.1,1015.4,68,7.1,-0.003414562
2015-04-02,2036.9,2040.45,2028.22,2029.07,655863000,24.625,15.83333333,0.019708333,0.03375,0.516666667,0.003791667,14.8,28,5,1004.2,71,8.4,-0.003844077
2015-04-03,2035.83,2045.94,2031.27,2045.42,498635000,35.58333333,20.375,0.011916667,0.039166667,0.7,0.003583333,10.6,3.5,2.8,1006.6,83,6.1,0.004710609
2015-04-13,2094.1,2099.97,2088.82,2098.92,561806000,29.125,19.16666667,0.039333333,0.028791667,0.170833333,0.004,12,6.5,5.9,1018.1,54,9,0.002301705
2015-04-14,2101.76,2111.73,2095.97,2111.72,648846000,20.20833333,17.29166667,0.033541667,0.035291667,0.304166667,0.003916667,6.9,10.5,2.7,1008.9,90,10,0.004738886
2015-04-15,2114.56,2122.72,2110.25,2119.96,451397000,45,28.45833333,0.037166667,0.036875,0.391666667,0.005708333,11.1,1,2.9,1008.4,72,4.4,0.002553723
2015-04-16,2134.14,2139.9,2125.54,2139.9,476419000,81.79166667,34.41666667,0.020583333,0.048541667,0.458333333,0.005333333,9.9,7,3.6,1008.2,70,4.6,0.002698979
2015-04-20,2126.55,2146.73,2126.55,2146.71,509037000,14.16666667,11.16666667,0.033458333,0.033666667,0.291666667,0.003708333,12.2,5.5,3.2,1007.7,75,6,0.009480144
2015-04-29,2155.01,2156.24,2126.36,2142.63,458065000,43.29166667,30.08333333,0.01725,0.042333333,0.470833333,0.005458333,17,3.5,2.9,1012.3,77,9,-0.005744753
2015-05-11,2106.12,2110.79,2097.38,2097.38,329704000,44.375,25.125,0.022458333,0.046291667,0.433333333,0.004458333,18.4,14,3,1009.2,62,8,-0.004149811
2015-05-12,2100.63,2101.72,2088.64,2096.77,391923000,38.5,19.5,0.038125,0.023625,0.416666667,0.004666667,13.3,9.5,6.4,999.6,76,7.4,-0.001837544
2015-05-19,2114.29,2126.89,2107.62,2120.85,418479000,48.20833333,35.16666667,0.03725,0.031958333,0.504166667,0.003958333,14.8,1,3.6,1006.1,89,9.4,0.003102696
2015-06-05,2062.22,2075.02,2060.91,2068.1,394291000,33.58333333,22.91666667,0.026166667,0.052583333,0.520833333,0.005458333,19.1,1,1.7,1006.7,59,9.3,0.002851296
2015-06-11,2065.07,2065.07,2051.1,2056.61,457020000,38.29166667,26.70833333,0.030666667,0.044708333,0.495833333,0.00425,24.6,7.5,2.8,1001.6,60,7.3,-0.004096713
2015-06-12,2068.45,2074.78,2044.87,2052.17,388258000,40.20833333,28.95833333,0.050083333,0.027458333,0.5125,0.004291667,23.6,0.5,3.8,1003.1,63,5.8,-0.007870628
2015-06-17,2035.48,2037.12,2021.5,2034.86,354723000,36.33333333,26.5,0.040208333,0.0355,0.633333333,0.003375,23.4,9.5,2.6,1004.2,73,5.4,-0.000304596
2015-06-18,2046.19,2052,2036.78,2041.88,390973000,26.83333333,23.41666667,0.04,0.025875,0.5125,0.002291667,24.8,3,2.7,1005.6,59,7.1,-0.002106354
2015-06-25,2077.84,2088.16,2073.95,2085.06,575912000,40.20833333,30.5,0.027541667,0.038875,0.625,0.004041667,24.8,2,2.1,1003,65,8.9,0.003474762
2015-06-26,2083.4,2097.01,2080.79,2090.26,492773000,11.75,8,0.0355,0.01875,0.420833333,0.002,21,12.5,3.3,998.1,76,9.6,0.003292695
2015-06-30,2054.83,2075.02,2049.44,2074.2,392413000,25,21.875,0.032958333,0.022708333,0.5375,0.0025,24.4,2.5,1.7,998.4,70,9.1,0.009426571
2015-07-01,2077.27,2100.34,2072.54,2097.89,471565000,33.66666667,19.33333333,0.036791667,0.016041667,0.5125,0.002958333,23.7,0.5,3.8,995.4,66,4.4,0.00992649
2015-07-08,2045.88,2046.33,2010.83,2016.21,453118000,11.29166667,6,0.028083333,0.017833333,0.466666667,0.002333333,23.4,0.5,4,1011.4,70,9.4,-0.014502317
2015-07-13,2033.25,2063.28,2030.21,2061.52,426286000,25.875,15.70833333,0.021,0.018083333,0.545833333,0.001583333,23.1,10,5.2,992.9,91,9.5,0.013903849
2015-07-21,2082.18,2088.24,2069.21,2083.62,727407000,23.75,13.70833333,0.015083333,0.022875,0.475,0.002041667,27,11,1.6,1006.4,82,9.5,0.000691583
2015-07-22,2071.06,2075.94,2059.45,2064.73,1160824000,29.45833333,17.91666667,0.015333333,0.038791667,0.545833333,0.002583333,27.7,1,1.8,1005.6,77,8.5,-0.003056406
2015-07-23,2068.93,2069.2,2053.52,2065.07,739793000,28.08333333,18,0.011333333,0.038541667,0.566666667,0.003333333,26.9,16,2.1,1006.3,81,9.5,-0.001865699
2015-07-24,2060.66,2060.66,2040.3,2045.96,611868000,13.20833333,7.666666667,0.007333333,0.029,0.579166667,0.001958333,24.7,26.5,2,1004.5,97,10,-0.007133637
2015-07-27,2034.82,2048.15,2032.44,2038.81,543243000,24.875,13.95833333,0.006166667,0.015166667,0.408333333,0.002,26.2,1.5,2.3,1007.9,86,8.4,0.001960861
2015-07-29,2053.62,2055.95,2037.62,2037.62,520572000,31.75,21.33333333,0.018416667,0.013,0.566666667,0.002666667,26.7,4,2.6,1006,83,8.4,-0.00779112
2015-08-05,2027.22,2035.25,2022.98,2029.76,319211000,33.16666667,21.58333333,0.030875,0.015583333,0.416666667,0.002833333,28.6,0.1,3.7,1007.7,67,6.6,0.001252947
2015-08-07,2009.39,2012.9,2001.13,2010.23,334578000,36.16666667,23.45833333,0.031666667,0.02375,0.479166667,0.0015,28.9,11,1.4,1014.4,71,2.8,0.000418037
2015-08-20,1929.43,1933.79,1912.55,1914.55,397527000,36.16666667,22.41666667,0.020375,0.031625,0.491666667,0.006541667,25.4,0.4,1.7,1009,76,9.6,-0.007712122
2015-08-21,1862.79,1886.49,1856.91,1876.07,512313000,29.45833333,18.70833333,0.02175,0.020125,0.383333333,0.005625,25.2,2.5,2,1004.3,78,7.1,0.007129091
2015-08-25,1840.94,1864.3,1806.79,1846.63,451586000,6.208333333,3.291666667,0.016791667,0.016708333,0.233333333,0.004625,21.7,5.5,3.2,1002.5,76,9.9,0.003090812
2015-08-28,1932.39,1938.61,1927.39,1937.67,446751000,25.875,14.08333333,0.017666667,0.036666667,0.429166667,0.006041667,23.2,0.3,1.7,1008.1,69,5,0.002732368
2015-09-02,1886.14,1920.62,1883.5,1915.22,342022000,22.45833333,15.375,0.020208333,0.0285,0.370833333,0.005083333,23.9,0.5,2.1,1011.5,73,8.5,0.015417731
2015-09-03,1929.78,1931.19,1911.17,1915.53,297283000,22.70833333,13.79166667,0.028166667,0.025625,0.391666667,0.005,23.9,18,2.3,1010.8,75,4.1,-0.007384261
2015-09-11,1942.88,1951.26,1939.73,1941.37,503010000,39.625,22.08333333,0.024875,0.030125,0.458333333,0.0045,21,2.5,2.1,1010.1,76,9.3,-0.000777197
2015-10-01,1963.55,1986.01,1958.63,1979.32,678977000,16.16666667,8.25,0.010916667,0.039,0.466666667,0.004166667,16.3,35,3.6,1003,78,8.3,0.008031372
2015-10-26,2049.41,2049.6,2039.97,2048.08,459949000,32.41666667,15.875,0.007125,0.053958333,0.754166667,0.005291667,15,2,2.4,1018.8,67,8.5,-0.000648967
2015-10-27,2043.52,2045.81,2036.22,2044.65,449155000,34.5,14.41666667,0.020875,0.032541667,0.7,0.005166667,12.1,26.5,3.2,1011.7,69,4.6,0.000552967
2015-10-29,2050.97,2064.72,2032.56,2034.16,481349000,23.66666667,10.33333333,0.017208333,0.033041667,0.55,0.005416667,8.4,0.5,2.4,1022.7,50,2,-0.008196122
2015-11-06,2048.17,2055.14,2038.46,2041.07,465030000,55.41666667,33.875,0.01325,0.0425,1.004166667,0.005916667,13.5,4.5,4.7,1025.7,64,7.1,-0.003466509
2015-11-09,2038.59,2038.59,2022.52,2025.7,435389000,6.208333333,3.75,0.014,0.023333333,0.65,0.004666667,10.8,3.5,2.1,1018,88,9.8,-0.006322998
2015-11-13,1975.97,1981.27,1969.71,1973.29,342313000,18.375,10.04166667,0.006958333,0.044416667,0.529166667,0.004,11.5,22.5,4,1021.4,84,9.8,-0.001356296
2015-11-16,1945.68,1956.09,1942.85,1943.02,433426000,24.33333333,13.54166667,0.005,0.041,0.6125,0.004666667,12.2,5.5,2.8,1017,85,9.3,-0.001367131
2015-11-18,1967.25,1973.16,1961.43,1962.88,541860000,14.58333333,8.291666667,0.010625,0.04,0.583333333,0.004083333,10.4,5.5,5.1,1020.8,71,8.9,-0.002221375
2015-11-23,1995.92,2008.34,1992.86,2003.7,383231000,8.083333333,4.25,0.012125,0.030125,0.491666667,0.004,8.5,6.5,3.3,1025.5,81,9.5,0.003897952
2015-11-24,2004.29,2019.95,2003.06,2016.29,417004000,23.91666667,14.54166667,0.01175,0.026416667,0.55,0.004458333,5.6,0.5,3.1,1025.7,70,8.3,0.005987158
2015-11-25,2018.24,2018.93,2007.91,2009.42,391646000,8.666666667,5.666666667,0.011958333,0.028291667,0.4375,0.004,2.4,11,2.7,1019.1,87,9.4,-0.004370144
2015-12-02,2026.08,2026.19,2009.29,2009.29,631315000,51.16666667,27.75,0.002916667,0.057208333,1.204166667,0.006208333,6,13.5,3.2,1015.3,71,7.8,-0.008286938
2015-12-03,2000.2,2000.2,1981.59,1994.07,365870000,29.29166667,14.08333333,0.014166667,0.025666667,0.645833333,0.005083333,-0.7,7.1,4.1,1013.7,79,8.3,-0.003064694
2015-12-10,1947.21,1956.84,1940.4,1952.07,377848000,45.95833333,23.08333333,0.002291667,0.066333333,1.083333333,0.00675,7.8,0.3,2.3,1018.9,75,8.8,0.002495879
2015-12-14,1926.36,1930.4,1919.22,1927.82,439741000,35.875,20.16666667,0.005166667,0.054875,0.7625,0.00525,5,2.5,2.2,1020.8,76,9.8,0.000757906
2015-12-15,1935.82,1938.04,1925.75,1932.97,434738000,47.5,28.33333333,0.007125,0.047041667,0.791666667,0.005916667,4.7,0.1,2.8,1018.6,70,8,-0.001472244
2015-12-21,1974.26,1986.66,1968.14,1981.19,539596000,45.95833333,25.04166667,0.003166667,0.061583333,0.8125,0.006,2.2,2,2.5,1026.8,76,5.8,0.003510176
2015-12-23,1994.2,2007.42,1989.3,1999.22,502366000,52.79166667,30.70833333,0.004041667,0.066875,0.945833333,0.006833333,5.9,0.4,2.1,1022.2,60,4.5,0.0025173
2015-12-30,1973.03,1974.67,1958.78,1961.31,304462000,59.29166667,29.625,0.003083333,0.073041667,0.875,0.007625,0.3,2.5,2.5,1029,68,6.9,-0.005940102
2016-01-13,1904.33,1921,1902.49,1916.28,265221000,32.95833333,12.5,0.016041667,0.031166667,0.383333333,0.006541667,-4.5,0.4,2,1020.5,63,5.5,0.006275173
2016-01-18,1856.03,1882.21,1854.55,1878.45,276937000,73.625,41.75,0.012375,0.04125,0.816666667,0.006791667,-6.3,0.2,4.8,1014.9,60,6,0.012079546
2016-01-26,1881.87,1884.13,1862.98,1871.69,298824000,72.66666667,27.08333333,0.005958333,0.055375,0.995833333,0.007625,-3.3,0.3,2.3,1027.3,65,6.1,-0.005409513
2016-02-11,1872.68,1877.77,1858.9,1861.54,386428000,37.125,18.70833333,0.005541667,0.061166667,1.120833333,0.007333333,8.1,0.1,3.5,1024.3,29,6,-0.005948694
2016-02-12,1850.67,1857.12,1817.97,1835.28,470499000,48.58333333,33.95833333,0.006041667,0.06225,0.966666667,0.006916667,8.4,18,3.2,1017.4,95,10,-0.008315907
2016-02-16,1870.1,1892.15,1868.11,1888.3,388318000,32.45833333,13.41666667,0.019416667,0.030875,0.8,0.005958333,-2.7,0.8,2.7,1018.7,66,3.8,0.0097321
2016-02-23,1928.85,1929.53,1909.79,1914.22,326810000,68.29166667,31.5,0.010541667,0.04175,0.575,0.007416667,0.7,0.9,3.2,1029.9,56,4.3,-0.00758483
2016-03-04,1956.01,1958.46,1949.47,1955.63,316418000,73.375,34.29166667,0.007875,0.064,0.616666667,0.007291667,13.2,0.1,2.7,1023.7,55,5.3,-0.000194273
2016-03-29,1986.93,1997.33,1984.07,1994.91,385453000,74.25,39.79166667,0.040833333,0.05675,0.904166667,0.009041667,11.3,0.1,3.2,1017.9,58,7.4,0.004016246
2016-04-06,1963.17,1975.09,1961.51,1971.32,358031000,55.70833333,21.66666667,0.024208333,0.056041667,0.770833333,0.006791667,14.4,3,1.9,1015.4,44,6.8,0.004151449
2016-04-07,1978.75,1980.43,1964.99,1973.89,434061000,51.5,29.125,0.029,0.04925,0.616666667,0.005041667,14.1,7.5,3,1008.9,70,3.9,-0.002456096
2016-04-18,2001.35,2009.55,1998.49,2009.1,339248000,70.625,20.54166667,0.027708333,0.029875,0.529166667,0.00375,11.2,1.5,3.1,1014.1,65,5.5,0.003872386
2016-04-20,2017.05,2023.77,2005.82,2005.83,423964000,55.75,23.29166667,0.017625,0.051416667,0.616666667,0.003791667,14.3,0.5,2.1,1018.5,54,8.9,-0.005562579
2016-04-21,2014.6,2022.1,2009.45,2022.1,392096000,49.70833333,24.79166667,0.027833333,0.042541667,0.579166667,0.003375,13.5,17,2.8,1006.3,88,9.4,0.003722823
2016-04-29,1998.68,1999.34,1983.3,1994.15,401063000,61.95833333,23.58333333,0.036625,0.035875,0.554166667,0.003333333,16.2,0.3,2.5,1011.6,48,2.5,-0.002266496
2016-05-02,1991.84,1991.84,1977.03,1978.15,328194000,41.375,18.41666667,0.034458333,0.033166667,0.608333333,0.004083333,21.1,16.5,2.2,1011,65,7,-0.006873042
2016-05-03,1988.34,1989.41,1979.66,1986.41,310492000,34.70833333,20.04166667,0.023333333,0.033583333,0.604166667,0.002458333,12.9,27,4.9,994.6,86,10,-0.000970659
2016-05-10,1965.86,1982.5,1964.9,1982.5,369085000,54.91666667,20.875,0.046583333,0.024,0.566666667,0.003,14.5,13.5,2.3,1007.1,82,9.1,0.008464489
2016-05-13,1979.97,1980.45,1962.77,1966.99,509123000,36.16666667,20.875,0.047625,0.021333333,0.55,0.002666667,18.6,0.5,2.1,1019.5,57,3.6,-0.006555655
2016-05-16,1961.91,1970.53,1961.32,1967.91,526717000,23.375,13.04166667,0.032666667,0.022791667,0.558333333,0.002625,15.9,2.5,3.2,1009.8,57,3,0.003058244
2016-05-24,1951.18,1951.39,1937.67,1937.68,517076000,53.83333333,33.45833333,0.052208333,0.034833333,0.620833333,0.0045,16.8,38.5,2.6,1006.9,83,7,-0.00691889
2016-06-07,1993.08,2011.67,1992.77,2011.63,481348000,24.16666667,13.79166667,0.030875,0.027833333,0.504166667,0.002166667,21.7,0.1,1.7,1010.2,70,6.8,0.009307203
2016-06-15,1972,1975.87,1960.97,1968.83,376769000,47.66666667,26.66666667,0.037875,0.035958333,0.354166667,0.002541667,20.9,15.5,2.7,1000.3,82,9,-0.001607505
2016-06-22,1981.78,1994.76,1979.37,1992.58,407434000,75.33333333,52.45833333,0.04325,0.057625,0.55,0.004916667,24.3,30.5,2,1005.2,75,6.4,0.005449646
2016-06-23,1989.42,1990.71,1980.14,1986.71,455389000,39.04166667,26.29166667,0.027416667,0.040708333,0.4375,0.00325,24.7,0.1,2.1,1005.6,71,5,-0.001362206
2016-06-24,2001.55,2001.55,1892.75,1925.24,750546000,58.625,46.29166667,0.039875,0.040958333,0.45,0.004083333,23.1,3.5,2,999.4,76,7.3,-0.038125453
2016-06-30,1971.54,1972.81,1959.28,1970.35,349862000,34.66666667,23.79166667,0.036166667,0.036333333,0.2625,0.003791667,24.6,0.2,2.8,1009.6,78,9.5,-0.000603589
2016-07-01,1977.36,1993.98,1975.89,1987.32,448128000,30.29166667,19.875,0.020291667,0.03125,0.241666667,0.0035,24,108.5,2.3,1004.2,87,9.9,0.005037019
2016-07-04,1989.44,1997.37,1985.11,1995.3,468611000,42.29166667,29.41666667,0.023375,0.043708333,0.266666667,0.002958333,21.8,29.5,3,1009.2,85,9.1,0.002945553
2016-07-05,1995.69,1996.77,1985.94,1989.85,405487000,14.95833333,8.083333333,0.014208333,0.034583333,0.4,0.002,23.1,100.5,2.8,1009.4,94,10,-0.002926306
2016-07-12,1991.13,1998.03,1986.45,1991.23,432650000,49.91666667,34.625,0.04775,0.0355,0.495833333,0.003666667,26.3,3,2.1,1001.9,66,7.3,5.02227E-05
2016-07-14,2004.12,2009.67,1997.94,2008.77,340227000,35.41666667,20.04166667,0.018625,0.025375,0.2375,0.002541667,27.5,0.1,2.1,1001.3,67,5.8,0.00232022
2016-07-15,2015.37,2022.34,2011.1,2017.26,477808000,25.125,13.625,0.027875,0.037,0.333333333,0.002125,26.2,1.5,2.6,1003.8,60,9.3,0.000937793
2016-07-18,2018.22,2022.11,2012.3,2021.11,380091000,20.5,13.25,0.015666667,0.022916667,0.3,0.004375,24.4,0.2,1.5,1010.2,75,5.9,0.001431955
2016-07-27,2027.07,2030.69,2021.15,2025.05,411661000,34,22.75,0.011541667,0.020416667,0.183333333,0.003083333,27.6,0.5,3.2,1004.2,76,9.4,-0.000996512
2016-07-28,2029.07,2029.38,2014.36,2021.1,350881000,36.16666667,25.04166667,0.013625,0.020125,0.283333333,0.00225,28,0.2,2.8,1005.7,71,6.3,-0.003927908
2016-07-29,2023.24,2028.99,2016.19,2016.19,366385000,66.625,43.08333333,0.038291667,0.018,0.479166667,0.002041667,26.3,59.5,1.6,1008.7,82,9.6,-0.00348451
2016-08-02,2023.55,2026.1,2017.59,2019.03,409940000,27.91666667,16.95833333,0.011833333,0.022,0.375,0.003041667,27.2,2,1.2,1008.9,73,7.6,-0.002233698
2016-08-09,2033.52,2046.03,2032.18,2043.78,436716000,35.33333333,13.66666667,0.026,0.007,0.375,0.003916667,29.3,1,1.9,1007.9,68,3.8,0.005045438
2016-08-16,2056,2063.09,2047.73,2047.76,374872000,41.66666667,24.58333333,0.033791667,0.018,0.4875,0.004125,29.3,0.5,1.6,1001.1,65,4.5,-0.004007782
2016-08-19,2057.9,2059.3,2049.52,2056.24,392318000,64.25,41.29166667,0.044125,0.028125,0.620833333,0.005208333,28.9,11.5,1.4,1006.2,70,7.5,-0.000806648
2016-08-22,2054.37,2054.71,2040.51,2042.16,343502000,33.875,22.79166667,0.044958333,0.016833333,0.158333333,0.004,30.7,0.4,2.1,1005.6,58,3.6,-0.005943428
2016-08-23,2044.27,2051.43,2041.86,2049.93,360414000,32.5,19.5,0.034041667,0.018916667,0.158333333,0.004,28.3,8,2.1,1006,69,5.1,0.002768715
2016-08-25,2041.58,2046,2035.01,2042.92,277432000,33.91666667,20.29166667,0.028666667,0.022291667,0.45,0.0045,27.1,4.5,1.9,1005,70,7.4,0.000656354
2016-08-26,2036.74,2039.91,2027.68,2037.5,288184000,27.95833333,15.58333333,0.029083333,0.0195,0.420833333,0.004375,23,20,3.6,1008.9,57,4.3,0.000373145
2016-08-31,2038.58,2041.17,2027.24,2034.65,400952000,26,6.958333333,0.02425,0.009291667,0.295833333,0.004,17.7,17.5,3.8,990.8,85,8.4,-0.001927812
2016-09-02,2033.92,2039.18,2030.17,2038.31,342631000,81.45833333,45.375,0.039583333,0.032083333,0.704166667,0.005541667,24.2,4.5,2.7,1006.5,69,6.5,0.002158394
2016-09-08,2064.96,2070.66,2053.2,2063.73,656653000,69.79166667,45.875,0.026916667,0.029291667,0.645833333,0.005458333,23,4.5,1.3,1006.6,76,8.1,-0.000595653
2016-09-12,2003.67,2011.04,1991.47,1991.48,422882000,43.25,29.20833333,0.03475,0.023083333,0.479166667,0.00475,23.4,2.5,1.9,1016.3,69,4.5,-0.006083836
2016-09-27,2037.32,2064.89,2031.13,2062.82,664040000,49.29166667,32.625,0.013291667,0.039708333,0.625,0.005291667,21,13.5,1.3,1016.2,83,9.6,0.012516443
2016-09-28,2062.57,2062.98,2051.68,2053.06,546450000,32.08333333,22.625,0.011291667,0.0285,0.575,0.004833333,19.9,0.5,1.3,1015.2,85,10,-0.004610753
2016-10-07,2065.95,2067.49,2051.6,2053.8,422446000,41,11,0.023,0.026,0.5,0.005,19.7,2,2.6,1019.4,68,8.8,-0.005881072
2016-10-25,2042.29,2042.65,2031.25,2037.17,299101000,19,12,0.013208333,0.032291667,0.333333333,0.002166667,14.1,37,2.2,1011.5,84,7.6,-0.00250699
2016-10-28,2021.97,2026.85,2015.72,2019.42,270531000,39.66666667,24.75,0.0055,0.042166667,0.591666667,0.002666667,14.6,0.3,2.5,1017.4,62,8.8,-0.001261146
2016-10-31,2011.29,2016.01,2005.95,2008.19,400664000,23.29166667,15.75,0.009583333,0.038916667,0.3875,0.002791667,5.7,0.5,2,1027.2,60,7.4,-0.001541299
2016-11-02,1995.41,1997.46,1976.34,1978.94,333529000,25.25,15.66666667,0.021333333,0.019208333,0.25,0.002416667,4.1,0.1,1.4,1027.5,53,4.4,-0.008253943
2016-11-03,1974.93,1988.82,1973.58,1983.8,272728000,35.29166667,23,0.006666667,0.046666667,0.491666667,0.004041667,9.1,0.2,1.6,1021.8,63,4.9,0.004491298
2016-11-07,1997.58,2001.74,1992.14,1997.58,210333000,14.79166667,10,0.016875,0.026416667,0.316666667,0.002,12.8,5.5,2.8,1022.7,71,9,0
2016-11-08,2009.56,2010.17,1994.33,2003.38,239579000,40.75,31.45833333,0.015541667,0.032,0.445833333,0.003083333,4.1,0.5,3.5,1025.6,58,2.4,-0.0030753
2016-11-10,1989.85,2002.6,1983.26,2002.6,433884000,39.58333333,29.54166667,0.008541667,0.038166667,0.391666667,0.002833333,6,0.4,2,1021,56,9.5,0.006407518
2016-11-11,1988.87,1994.05,1982.15,1984.43,386856000,36.70833333,26.54166667,0.004458333,0.047,0.541666667,0.002916667,9.1,4,2.2,1018.7,63,2,-0.002232423
2016-11-14,1982.93,1988.65,1974.27,1974.4,352116000,58.04166667,32.45833333,0.007416667,0.050333333,0.579166667,0.003416667,13.2,1.5,1.7,1016.4,79,7.9,-0.004301715
2016-11-22,1976.07,1986.82,1974.05,1983.47,231368000,63.66666667,33.45833333,0.009041667,0.042583333,0.641666667,0.003416667,2,0.2,3.9,1023.6,43,8.4,0.003744807
2016-11-30,1980.38,1988.44,1977.09,1983.48,233085000,43.08333333,27.33333333,0.00325,0.052375,0.691666667,0.004291667,6,1,2,1026.2,60,8.9,0.001565356
2016-12-05,1965.71,1971.24,1960.65,1963.36,237190000,81.45833333,62.125,0.0025,0.06375,0.920833333,0.005833333,5.9,1.5,3,1018.1,69,7.9,-0.001195497
2016-12-08,2008.31,2031.07,2007.57,2031.07,239428000,52.45833333,33.75,0.0035,0.050541667,0.620833333,0.004791667,2.1,3,1.7,1018.2,70,6.1,0.011332912
2016-12-09,2024.52,2026.83,2019.79,2024.69,225657000,53.875,38.25,0.003583333,0.055083333,0.804166667,0.004333333,1.4,3,2.8,1020.6,66,3.9,8.39705E-05
2016-12-14,2043.07,2044.42,2031.18,2036.87,384033000,57,41.33333333,0.00875,0.043541667,0.8125,0.00525,-1.4,0.1,2.7,1020.7,68,7.3,-0.003034649
2016-12-19,2039.4,2046.03,2037.04,2038.39,249870000,48.625,36.79166667,0.002625,0.052583333,0.779166667,0.004333333,7.2,0.1,2.5,1024.4,66,6.9,-0.000495244
2016-12-21,2049.47,2053.46,2037.96,2037.96,284570000,51.41666667,37.04166667,0.003458333,0.055,0.941666667,0.00425,7.9,29,3.5,1021.6,76,8.1,-0.005616086
2016-12-22,2041.61,2042.9,2033.99,2035.73,275096000,32.79166667,22.95833333,0.004208333,0.04275,0.633333333,0.003416667,5.5,23.5,3.5,1009.4,90,9.8,-0.00288008
2016-12-23,2036.17,2037.71,2031.54,2035.9,310882000,33.16666667,25.75,0.013125,0.026666667,0.525,0.003083333,-2.5,0.1,3.6,1020.9,71,8.9,-0.000132602
2016-12-27,2040.74,2044.43,2037.12,2042.17,384033000,47.16666667,34.04166667,0.005333333,0.044458333,0.829166667,0.003916667,-2.3,0.5,3.5,1023.4,55,2.8,0.000700726
2016-12-29,2020.42,2026.57,2016.25,2026.46,264521000,44.66666667,27.41666667,0.004208333,0.046791667,0.579166667,0.003666667,-4.2,0.3,2.8,1031,53,1.5,0.002989477
